Date,Time,Trade No.,Type,Instrument,Price,Quantity,Value,Effect,Fees
2/28/2025,10:45:00 PM GMT+2,1/1/1970,sell to open,AAPL $230 put exp. 4/17/2025,1/1/1970,1/1/1970,1/1/1970,credit,1/1/1970
3/3/2025,10:45:00 PM GMT+2,1/1/1970,sell to open,AAPL $225 put exp. 4/17/2025,1/1/1970,1/1/1970,1/1/1970,credit,1/1/1970
3/4/2025,10:45:00 PM GMT+2,1/1/1970,sell to open,AAPL $225 put exp. 4/17/2025,1/1/1970,1/1/1970,1/1/1970,credit,1/1/1970
3/5/2025,10:45:00 PM GMT+2,1/1/1970,sell to open,AAPL $225 put exp. 4/17/2025,1/1/1970,1/1/1970,1/1/1970,credit,1/1/1970
3/6/2025,10:45:00 PM GMT+2,1/1/1970,sell to open,AAPL $225 put exp. 4/17/2025,1/1/1970,1/1/1970,1/1/1970,credit,1/1/1970
3/7/2025,10:45:00 PM GMT+2,1/1/1970,sell to open,AAPL $225 put exp. 4/25/2025,1/1/1970,1/1/1970,1/1/1970,credit,1/1/1970
3/10/2025,9:45:00 PM GMT+2,1/1/1970,sell to open,AAPL $215 put exp. 4/25/2025,1/1/1970,1/1/1970,1/1/1970,credit,1/1/1970
3/11/2025,9:45:00 PM GMT+2,1/1/1970,sell to open,AAPL $210 put exp. 4/25/2025,1/1/1970,1/1/1970,1/1/1970,credit,1/1/1970
3/12/2025,9:45:00 PM GMT+2,1/1/1970,sell to open,AAPL $205 put exp. 4/25/2025,1/1/1970,1/1/1970,1/1/1970,credit,1/1/1970
3/13/2025,9:45:00 PM GMT+2,1/1/1970,sell to open,AAPL $200 put exp. 4/25/2025,1/1/1970,1/1/1970,1/1/1970,credit,1/1/1970
3/14/2025,9:45:00 PM GMT+2,1/1/1970,sell to open,AAPL $200 put exp. 4/25/2025,1/1/1970,1/1/1970,1/1/1970,credit,1/1/1970
3/17/2025,9:45:00 PM GMT+2,1/1/1970,sell to open,AAPL $205 put exp. 5/2/2025,1/1/1970,1/1/1970,1/1/1970,credit,1/1/1970
3/18/2025,9:45:00 PM GMT+2,1/1/1970,sell to open,AAPL $200 put exp. 5/2/2025,1/1/1970,1/1/1970,1/1/1970,credit,1/1/1970
3/19/2025,9:45:00 PM GMT+2,1/1/1970,sell to open,AAPL $205 put exp. 5/2/2025,1/1/1970,1/1/1970,1/1/1970,credit,1/1/1970
3/20/2025,9:45:00 PM GMT+2,1/1/1970,sell to open,AAPL $205 put exp. 5/2/2025,1/1/1970,1/1/1970,1/1/1970,credit,1/1/1970
3/21/2025,9:45:00 PM GMT+2,1/1/1970,sell to open,AAPL $205 put exp. 5/2/2025,1/1/1970,1/1/1970,1/1/1970,credit,1/1/1970
3/24/2025,9:45:00 PM GMT+2,1/1/1970,sell to open,AAPL $210 put exp. 5/2/2025,1/1/1970,1/1/1970,1/1/1970,credit,1/1/1970
3/25/2025,9:45:00 PM GMT+2,1/1/1970,sell to open,AAPL $215 put exp. 5/16/2025,1/1/1970,1/1/1970,1/1/1970,credit,1/1/1970
3/26/2025,9:45:00 PM GMT+2,1/1/1970,sell to open,AAPL $210 put exp. 5/16/2025,1/1/1970,1/1/1970,1/1/1970,credit,1/1/1970
3/27/2025,9:45:00 PM GMT+2,1/1/1970,sell to open,AAPL $215 put exp. 5/9/2025,1/1/1970,1/1/1970,1/1/1970,credit,1/1/1970
3/28/2025,9:45:00 PM GMT+2,1/1/1970,sell to open,AAPL $205 put exp. 5/9/2025,1/1/1970,1/1/1970,1/1/1970,credit,1/1/1970
3/31/2025,10:45:00 PM GMT+3,1/1/1970,sell to open,AAPL $210 put exp. 5/16/2025,1/1/1970,1/1/1970,1/1/1970,credit,1/1/1970
4/1/2025,10:45:00 PM GMT+3,1/1/1970,sell to open,AAPL $210 put exp. 5/16/2025,1/1/1970,1/1/1970,1/1/1970,credit,1/1/1970
4/2/2025,10:45:00 PM GMT+3,1/1/1970,sell to open,AAPL $215 put exp. 5/16/2025,1/1/1970,1/1/1970,1/1/1970,credit,1/1/1970
4/3/2025,10:45:00 PM GMT+3,1/1/1970,sell to open,AAPL $190 put exp. 5/16/2025,1/1/1970,1/1/1970,1/1/1970,credit,1/1/1970
4/4/2025,10:45:00 PM GMT+3,1/1/1970,sell to open,AAPL $180 put exp. 5/16/2025,1/1/1970,1/1/1970,1/1/1970,credit,1/1/1970
4/7/2025,10:45:00 PM GMT+3,1/1/1970,sell to open,AAPL $170 put exp. 5/23/2025,1/1/1970,1/1/1970,1/1/1970,credit,1/1/1970
4/8/2025,10:45:00 PM GMT+3,1/1/1970,sell to open,AAPL $160 put exp. 5/23/2025,1/1/1970,1/1/1970,1/1/1970,credit,1/1/1970
4/9/2025,10:45:00 PM GMT+3,1/1/1970,sell to open,AAPL $185 put exp. 5/23/2025,1/1/1970,1/1/1970,1/1/1970,credit,1/1/1970
4/10/2025,10:45:00 PM GMT+3,1/1/1970,sell to open,AAPL $180 put exp. 5/23/2025,1/1/1970,1/1/1970,1/1/1970,credit,1/1/1970
4/11/2025,10:45:00 PM GMT+3,1/1/1970,sell to open,AAPL $190 put exp. 5/23/2025,1/1/1970,1/1/1970,1/1/1970,credit,1/1/1970
4/14/2025,10:45:00 PM GMT+3,1/1/1970,sell to open,AAPL $195 put exp. 5/30/2025,1/1/1970,1/1/1970,1/1/1970,credit,1/1/1970
4/15/2025,10:45:00 PM GMT+3,1/1/1970,sell to open,AAPL $190 put exp. 5/30/2025,1/1/1970,1/1/1970,1/1/1970,credit,1/1/1970
4/16/2025,10:45:00 PM GMT+3,1/1/1970,sell to open,AAPL $185 put exp. 5/30/2025,1/1/1970,1/1/1970,1/1/1970,credit,1/1/1970
4/17/2025,10:45:00 PM GMT+3,1/1/1970,sell to open,AAPL $185 put exp. 5/30/2025,1/1/1970,1/1/1970,1/1/1970,credit,1/1/1970
4/17/2025,11:00:00 PM GMT+3,1/1/1970,exercise,AAPL $230 put exp. 4/17/2025,1/1/1970,1/1/1970,1/1/1970,debit,1/1/1970
4/17/2025,11:00:00 PM GMT+3,1/1/1970,assignment,AAPL shares,1/1/1970,1/1/1970,1/1/1970,debit,1/1/1970
4/17/2025,11:00:00 PM GMT+3,1/1/1970,sell to close,AAPL shares,1/1/1970,1/1/1970,1/1/1970,credit,1/1/1970
4/17/2025,11:00:00 PM GMT+3,1/1/1970,exercise,AAPL $225 put exp. 4/17/2025,1/1/1970,1/1/1970,1/1/1970,debit,1/1/1970
4/17/2025,11:00:00 PM GMT+3,1/1/1970,assignment,AAPL shares,1/1/1970,1/1/1970,1/1/1970,debit,1/1/1970
4/17/2025,11:00:00 PM GMT+3,1/1/1970,sell to close,AAPL shares,1/1/1970,1/1/1970,1/1/1970,credit,1/1/1970
4/17/2025,11:00:00 PM GMT+3,1/1/1970,exercise,AAPL $225 put exp. 4/17/2025,1/1/1970,1/1/1970,1/1/1970,debit,1/1/1970
4/17/2025,11:00:00 PM GMT+3,1/1/1970,assignment,AAPL shares,1/1/1970,1/1/1970,1/1/1970,debit,1/1/1970
4/17/2025,11:00:00 PM GMT+3,1/1/1970,sell to close,AAPL shares,1/1/1970,1/1/1970,1/1/1970,credit,1/1/1970
4/17/2025,11:00:00 PM GMT+3,1/1/1970,exercise,AAPL $225 put exp. 4/17/2025,1/1/1970,1/1/1970,1/1/1970,debit,1/1/1970
4/17/2025,11:00:00 PM GMT+3,1/1/1970,assignment,AAPL shares,1/1/1970,1/1/1970,1/1/1970,debit,1/1/1970
4/17/2025,11:00:00 PM GMT+3,1/1/1970,sell to close,AAPL shares,1/1/1970,1/1/1970,1/1/1970,credit,1/1/1970
4/17/2025,11:00:00 PM GMT+3,1/1/1970,exercise,AAPL $225 put exp. 4/17/2025,1/1/1970,1/1/1970,1/1/1970,debit,1/1/1970
4/17/2025,11:00:00 PM GMT+3,1/1/1970,assignment,AAPL shares,1/1/1970,1/1/1970,1/1/1970,debit,1/1/1970
4/17/2025,11:00:00 PM GMT+3,1/1/1970,sell to close,AAPL shares,1/1/1970,1/1/1970,1/1/1970,credit,1/1/1970
4/21/2025,10:45:00 PM GMT+3,1/1/1970,sell to open,AAPL $180 put exp. 5/30/2025,1/1/1970,1/1/1970,1/1/1970,credit,1/1/1970
4/22/2025,10:45:00 PM GMT+3,1/1/1970,sell to open,AAPL $190 put exp. 5/30/2025,1/1/1970,1/1/1970,1/1/1970,credit,1/1/1970
4/23/2025,10:45:00 PM GMT+3,1/1/1970,sell to open,AAPL $195 put exp. 5/30/2025,1/1/1970,1/1/1970,1/1/1970,credit,1/1/1970
4/24/2025,10:45:00 PM GMT+3,1/1/1970,sell to open,AAPL $200 put exp. 6/6/2025,1/1/1970,1/1/1970,1/1/1970,credit,1/1/1970
4/25/2025,10:45:00 PM GMT+3,1/1/1970,sell to open,AAPL $200 put exp. 6/6/2025,1/1/1970,1/1/1970,1/1/1970,credit,1/1/1970
4/25/2025,11:00:00 PM GMT+3,1/1/1970,exercise,AAPL $225 put exp. 4/25/2025,1/1/1970,1/1/1970,1/1/1970,debit,1/1/1970
4/25/2025,11:00:00 PM GMT+3,1/1/1970,assignment,AAPL shares,1/1/1970,1/1/1970,1/1/1970,debit,1/1/1970
4/25/2025,11:00:00 PM GMT+3,1/1/1970,sell to close,AAPL shares,1/1/1970,1/1/1970,1/1/1970,credit,1/1/1970
4/25/2025,11:00:00 PM GMT+3,1/1/1970,exercise,AAPL $215 put exp. 4/25/2025,1/1/1970,1/1/1970,1/1/1970,debit,1/1/1970
4/25/2025,11:00:00 PM GMT+3,1/1/1970,assignment,AAPL shares,1/1/1970,1/1/1970,1/1/1970,debit,1/1/1970
4/25/2025,11:00:00 PM GMT+3,1/1/1970,sell to close,AAPL shares,1/1/1970,1/1/1970,1/1/1970,credit,1/1/1970
4/25/2025,11:00:00 PM GMT+3,1/1/1970,exercise,AAPL $210 put exp. 4/25/2025,1/1/1970,1/1/1970,1/1/1970,debit,1/1/1970
4/25/2025,11:00:00 PM GMT+3,1/1/1970,assignment,AAPL shares,1/1/1970,1/1/1970,1/1/1970,debit,1/1/1970
4/25/2025,11:00:00 PM GMT+3,1/1/1970,sell to close,AAPL shares,1/1/1970,1/1/1970,1/1/1970,credit,1/1/1970
4/25/2025,11:00:00 PM GMT+3,1/1/1970,expiration,AAPL $205 put exp. 4/25/2025,1/1/1970,1/1/1970,1/1/1970,debit,1/1/1970
4/25/2025,11:00:00 PM GMT+3,1/1/1970,expiration,AAPL $200 put exp. 4/25/2025,1/1/1970,1/1/1970,1/1/1970,debit,1/1/1970
4/25/2025,11:00:00 PM GMT+3,1/1/1970,expiration,AAPL $200 put exp. 4/25/2025,1/1/1970,1/1/1970,1/1/1970,debit,1/1/1970
4/28/2025,10:45:00 PM GMT+3,1/1/1970,sell to open,AAPL $200 put exp. 6/6/2025,1/1/1970,1/1/1970,1/1/1970,credit,1/1/1970
4/29/2025,10:45:00 PM GMT+3,1/1/1970,sell to open,AAPL $200 put exp. 6/20/2025,1/1/1970,1/1/1970,1/1/1970,credit,1/1/1970
4/30/2025,10:45:00 PM GMT+3,1/1/1970,sell to open,AAPL $200 put exp. 6/20/2025,1/1/1970,1/1/1970,1/1/1970,credit,1/1/1970
5/1/2025,10:45:00 PM GMT+3,1/1/1970,sell to open,AAPL $205 put exp. 6/13/2025,1/1/1970,1/1/1970,1/1/1970,credit,1/1/1970
5/2/2025,10:45:00 PM GMT+3,1/1/1970,sell to open,AAPL $195 put exp. 6/13/2025,1/1/1970,1/1/1970,1/1/1970,credit,1/1/1970
5/2/2025,11:00:00 PM GMT+3,1/1/1970,expiration,AAPL $205 put exp. 5/2/2025,1/1/1970,1/1/1970,1/1/1970,debit,1/1/1970
5/2/2025,11:00:00 PM GMT+3,1/1/1970,expiration,AAPL $200 put exp. 5/2/2025,1/1/1970,1/1/1970,1/1/1970,debit,1/1/1970
5/2/2025,11:00:00 PM GMT+3,1/1/1970,expiration,AAPL $205 put exp. 5/2/2025,1/1/1970,1/1/1970,1/1/1970,debit,1/1/1970
5/2/2025,11:00:00 PM GMT+3,1/1/1970,expiration,AAPL $205 put exp. 5/2/2025,1/1/1970,1/1/1970,1/1/1970,debit,1/1/1970
5/2/2025,11:00:00 PM GMT+3,1/1/1970,expiration,AAPL $205 put exp. 5/2/2025,1/1/1970,1/1/1970,1/1/1970,debit,1/1/1970
5/2/2025,11:00:00 PM GMT+3,1/1/1970,exercise,AAPL $210 put exp. 5/2/2025,1/1/1970,1/1/1970,1/1/1970,debit,1/1/1970
5/2/2025,11:00:00 PM GMT+3,1/1/1970,assignment,AAPL shares,1/1/1970,1/1/1970,1/1/1970,debit,1/1/1970
5/2/2025,11:00:00 PM GMT+3,1/1/1970,sell to close,AAPL shares,1/1/1970,1/1/1970,1/1/1970,credit,1/1/1970
5/5/2025,10:45:00 PM GMT+3,1/1/1970,sell to open,AAPL $190 put exp. 6/20/2025,1/1/1970,1/1/1970,1/1/1970,credit,1/1/1970
5/6/2025,10:45:00 PM GMT+3,1/1/1970,sell to open,AAPL $190 put exp. 6/20/2025,1/1/1970,1/1/1970,1/1/1970,credit,1/1/1970
5/7/2025,10:45:00 PM GMT+3,1/1/1970,sell to open,AAPL $185 put exp. 6/20/2025,1/1/1970,1/1/1970,1/1/1970,credit,1/1/1970
5/8/2025,10:45:00 PM GMT+3,1/1/1970,sell to open,AAPL $190 put exp. 6/20/2025,1/1/1970,1/1/1970,1/1/1970,credit,1/1/1970
5/9/2025,10:45:00 PM GMT+3,1/1/1970,sell to open,AAPL $190 put exp. 6/20/2025,1/1/1970,1/1/1970,1/1/1970,credit,1/1/1970
5/9/2025,11:00:00 PM GMT+3,1/1/1970,exercise,AAPL $215 put exp. 5/9/2025,1/1/1970,1/1/1970,1/1/1970,debit,1/1/1970
5/9/2025,11:00:00 PM GMT+3,1/1/1970,assignment,AAPL shares,1/1/1970,1/1/1970,1/1/1970,debit,1/1/1970
5/9/2025,11:00:00 PM GMT+3,1/1/1970,sell to close,AAPL shares,1/1/1970,1/1/1970,1/1/1970,credit,1/1/1970
5/9/2025,11:00:00 PM GMT+3,1/1/1970,exercise,AAPL $205 put exp. 5/9/2025,1/1/1970,1/1/1970,1/1/1970,debit,1/1/1970
5/9/2025,11:00:00 PM GMT+3,1/1/1970,assignment,AAPL shares,1/1/1970,1/1/1970,1/1/1970,debit,1/1/1970
5/9/2025,11:00:00 PM GMT+3,1/1/1970,sell to close,AAPL shares,1/1/1970,1/1/1970,1/1/1970,credit,1/1/1970
5/12/2025,10:45:00 PM GMT+3,1/1/1970,sell to open,AAPL $200 put exp. 6/27/2025,1/1/1970,1/1/1970,1/1/1970,credit,1/1/1970
5/13/2025,10:45:00 PM GMT+3,1/1/1970,sell to open,AAPL $200 put exp. 6/27/2025,1/1/1970,1/1/1970,1/1/1970,credit,1/1/1970
5/14/2025,10:45:00 PM GMT+3,1/1/1970,sell to open,AAPL $200 put exp. 6/27/2025,1/1/1970,1/1/1970,1/1/1970,credit,1/1/1970
5/15/2025,10:45:00 PM GMT+3,1/1/1970,sell to open,AAPL $200 put exp. 6/27/2025,1/1/1970,1/1/1970,1/1/1970,credit,1/1/1970
5/16/2025,10:45:00 PM GMT+3,1/1/1970,sell to open,AAPL $200 put exp. 6/27/2025,1/1/1970,1/1/1970,1/1/1970,credit,1/1/1970
5/16/2025,11:00:00 PM GMT+3,1/1/1970,exercise,AAPL $215 put exp. 5/16/2025,1/1/1970,1/1/1970,1/1/1970,debit,1/1/1970
5/16/2025,11:00:00 PM GMT+3,1/1/1970,assignment,AAPL shares,1/1/1970,1/1/1970,1/1/1970,debit,1/1/1970
5/16/2025,11:00:00 PM GMT+3,1/1/1970,sell to close,AAPL shares,1/1/1970,1/1/1970,1/1/1970,credit,1/1/1970
5/16/2025,11:00:00 PM GMT+3,1/1/1970,expiration,AAPL $210 put exp. 5/16/2025,1/1/1970,1/1/1970,1/1/1970,debit,1/1/1970
5/16/2025,11:00:00 PM GMT+3,1/1/1970,expiration,AAPL $210 put exp. 5/16/2025,1/1/1970,1/1/1970,1/1/1970,debit,1/1/1970
5/16/2025,11:00:00 PM GMT+3,1/1/1970,expiration,AAPL $210 put exp. 5/16/2025,1/1/1970,1/1/1970,1/1/1970,debit,1/1/1970
5/16/2025,11:00:00 PM GMT+3,1/1/1970,exercise,AAPL $215 put exp. 5/16/2025,1/1/1970,1/1/1970,1/1/1970,debit,1/1/1970
5/16/2025,11:00:00 PM GMT+3,1/1/1970,assignment,AAPL shares,1/1/1970,1/1/1970,1/1/1970,debit,1/1/1970
5/16/2025,11:00:00 PM GMT+3,1/1/1970,sell to close,AAPL shares,1/1/1970,1/1/1970,1/1/1970,credit,1/1/1970
5/16/2025,11:00:00 PM GMT+3,1/1/1970,expiration,AAPL $190 put exp. 5/16/2025,1/1/1970,1/1/1970,1/1/1970,debit,1/1/1970
5/16/2025,11:00:00 PM GMT+3,1/1/1970,expiration,AAPL $180 put exp. 5/16/2025,1/1/1970,1/1/1970,1/1/1970,debit,1/1/1970
5/19/2025,10:45:00 PM GMT+3,1/1/1970,sell to open,AAPL $200 put exp. 6/27/2025,1/1/1970,1/1/1970,1/1/1970,credit,1/1/1970
5/20/2025,10:45:00 PM GMT+3,1/1/1970,sell to open,AAPL $195 put exp. 6/27/2025,1/1/1970,1/1/1970,1/1/1970,credit,1/1/1970
5/21/2025,10:45:00 PM GMT+3,1/1/1970,sell to open,AAPL $190 put exp. 6/27/2025,1/1/1970,1/1/1970,1/1/1970,credit,1/1/1970
5/22/2025,10:45:00 PM GMT+3,1/1/1970,sell to open,AAPL $190 put exp. 7/3/2025,1/1/1970,1/1/1970,1/1/1970,credit,1/1/1970
5/23/2025,10:45:00 PM GMT+3,1/1/1970,sell to open,AAPL $185 put exp. 7/3/2025,1/1/1970,1/1/1970,1/1/1970,credit,1/1/1970
5/23/2025,11:00:00 PM GMT+3,1/1/1970,expiration,AAPL $170 put exp. 5/23/2025,1/1/1970,1/1/1970,1/1/1970,debit,1/1/1970
5/23/2025,11:00:00 PM GMT+3,1/1/1970,expiration,AAPL $160 put exp. 5/23/2025,1/1/1970,1/1/1970,1/1/1970,debit,1/1/1970
5/23/2025,11:00:00 PM GMT+3,1/1/1970,expiration,AAPL $185 put exp. 5/23/2025,1/1/1970,1/1/1970,1/1/1970,debit,1/1/1970
5/23/2025,11:00:00 PM GMT+3,1/1/1970,expiration,AAPL $180 put exp. 5/23/2025,1/1/1970,1/1/1970,1/1/1970,debit,1/1/1970
5/23/2025,11:00:00 PM GMT+3,1/1/1970,expiration,AAPL $190 put exp. 5/23/2025,1/1/1970,1/1/1970,1/1/1970,debit,1/1/1970
5/27/2025,10:45:00 PM GMT+3,1/1/1970,sell to open,AAPL $190 put exp. 7/18/2025,1/1/1970,1/1/1970,1/1/1970,credit,1/1/1970
5/28/2025,10:45:00 PM GMT+3,1/1/1970,sell to open,AAPL $190 put exp. 7/18/2025,1/1/1970,1/1/1970,1/1/1970,credit,1/1/1970
5/29/2025,10:45:00 PM GMT+3,1/1/1970,sell to open,AAPL $190 put exp. 7/11/2025,1/1/1970,1/1/1970,1/1/1970,credit,1/1/1970
5/30/2025,10:45:00 PM GMT+3,1/1/1970,sell to open,AAPL $190 put exp. 7/11/2025,1/1/1970,1/1/1970,1/1/1970,credit,1/1/1970
5/30/2025,11:00:00 PM GMT+3,1/1/1970,expiration,AAPL $195 put exp. 5/30/2025,1/1/1970,1/1/1970,1/1/1970,debit,1/1/1970
5/30/2025,11:00:00 PM GMT+3,1/1/1970,expiration,AAPL $190 put exp. 5/30/2025,1/1/1970,1/1/1970,1/1/1970,debit,1/1/1970
5/30/2025,11:00:00 PM GMT+3,1/1/1970,expiration,AAPL $185 put exp. 5/30/2025,1/1/1970,1/1/1970,1/1/1970,debit,1/1/1970
5/30/2025,11:00:00 PM GMT+3,1/1/1970,expiration,AAPL $185 put exp. 5/30/2025,1/1/1970,1/1/1970,1/1/1970,debit,1/1/1970
5/30/2025,11:00:00 PM GMT+3,1/1/1970,expiration,AAPL $180 put exp. 5/30/2025,1/1/1970,1/1/1970,1/1/1970,debit,1/1/1970
5/30/2025,11:00:00 PM GMT+3,1/1/1970,expiration,AAPL $190 put exp. 5/30/2025,1/1/1970,1/1/1970,1/1/1970,debit,1/1/1970
5/30/2025,11:00:00 PM GMT+3,1/1/1970,expiration,AAPL $195 put exp. 5/30/2025,1/1/1970,1/1/1970,1/1/1970,debit,1/1/1970
6/2/2025,10:45:00 PM GMT+3,1/1/1970,sell to open,AAPL $190 put exp. 7/18/2025,1/1/1970,1/1/1970,1/1/1970,credit,1/1/1970
6/3/2025,10:45:00 PM GMT+3,1/1/1970,sell to open,AAPL $195 put exp. 7/18/2025,1/1/1970,1/1/1970,1/1/1970,credit,1/1/1970
6/4/2025,10:45:00 PM GMT+3,1/1/1970,sell to open,AAPL $195 put exp. 7/18/2025,1/1/1970,1/1/1970,1/1/1970,credit,1/1/1970
6/5/2025,10:45:00 PM GMT+3,1/1/1970,sell to open,AAPL $190 put exp. 7/18/2025,1/1/1970,1/1/1970,1/1/1970,credit,1/1/1970
6/6/2025,10:45:00 PM GMT+3,1/1/1970,sell to open,AAPL $195 put exp. 7/18/2025,1/1/1970,1/1/1970,1/1/1970,credit,1/1/1970
6/6/2025,11:00:00 PM GMT+3,1/1/1970,expiration,AAPL $200 put exp. 6/6/2025,1/1/1970,1/1/1970,1/1/1970,debit,1/1/1970
6/6/2025,11:00:00 PM GMT+3,1/1/1970,expiration,AAPL $200 put exp. 6/6/2025,1/1/1970,1/1/1970,1/1/1970,debit,1/1/1970
6/6/2025,11:00:00 PM GMT+3,1/1/1970,expiration,AAPL $200 put exp. 6/6/2025,1/1/1970,1/1/1970,1/1/1970,debit,1/1/1970
6/9/2025,10:45:00 PM GMT+3,1/1/1970,sell to open,AAPL $190 put exp. 7/25/2025,1/1/1970,1/1/1970,1/1/1970,credit,1/1/1970
6/10/2025,10:45:00 PM GMT+3,1/1/1970,sell to open,AAPL $195 put exp. 7/25/2025,1/1/1970,1/1/1970,1/1/1970,credit,1/1/1970
6/11/2025,10:45:00 PM GMT+3,1/1/1970,sell to open,AAPL $190 put exp. 7/25/2025,1/1/1970,1/1/1970,1/1/1970,credit,1/1/1970
6/12/2025,10:45:00 PM GMT+3,1/1/1970,sell to open,AAPL $190 put exp. 7/25/2025,1/1/1970,1/1/1970,1/1/1970,credit,1/1/1970
6/13/2025,10:45:00 PM GMT+3,1/1/1970,sell to open,AAPL $185 put exp. 7/25/2025,1/1/1970,1/1/1970,1/1/1970,credit,1/1/1970
6/13/2025,11:00:00 PM GMT+3,1/1/1970,exercise,AAPL $205 put exp. 6/13/2025,1/1/1970,1/1/1970,1/1/1970,debit,1/1/1970
6/13/2025,11:00:00 PM GMT+3,1/1/1970,assignment,AAPL shares,1/1/1970,1/1/1970,1/1/1970,debit,1/1/1970
6/13/2025,11:00:00 PM GMT+3,1/1/1970,sell to close,AAPL shares,1/1/1970,1/1/1970,1/1/1970,credit,1/1/1970
6/13/2025,11:00:00 PM GMT+3,1/1/1970,expiration,AAPL $195 put exp. 6/13/2025,1/1/1970,1/1/1970,1/1/1970,debit,1/1/1970
6/16/2025,10:45:00 PM GMT+3,1/1/1970,sell to open,AAPL $190 put exp. 8/1/2025,1/1/1970,1/1/1970,1/1/1970,credit,1/1/1970
6/17/2025,10:45:00 PM GMT+3,1/1/1970,sell to open,AAPL $185 put exp. 8/1/2025,1/1/1970,1/1/1970,1/1/1970,credit,1/1/1970
6/18/2025,10:45:00 PM GMT+3,1/1/1970,sell to open,AAPL $185 put exp. 8/1/2025,1/1/1970,1/1/1970,1/1/1970,credit,1/1/1970
6/20/2025,10:45:00 PM GMT+3,1/1/1970,sell to open,AAPL $190 put exp. 8/1/2025,1/1/1970,1/1/1970,1/1/1970,credit,1/1/1970
6/20/2025,11:00:00 PM GMT+3,1/1/1970,expiration,AAPL $200 put exp. 6/20/2025,1/1/1970,1/1/1970,1/1/1970,debit,1/1/1970
6/20/2025,11:00:00 PM GMT+3,1/1/1970,expiration,AAPL $200 put exp. 6/20/2025,1/1/1970,1/1/1970,1/1/1970,debit,1/1/1970
6/20/2025,11:00:00 PM GMT+3,1/1/1970,expiration,AAPL $190 put exp. 6/20/2025,1/1/1970,1/1/1970,1/1/1970,debit,1/1/1970
6/20/2025,11:00:00 PM GMT+3,1/1/1970,expiration,AAPL $190 put exp. 6/20/2025,1/1/1970,1/1/1970,1/1/1970,debit,1/1/1970
6/20/2025,11:00:00 PM GMT+3,1/1/1970,expiration,AAPL $185 put exp. 6/20/2025,1/1/1970,1/1/1970,1/1/1970,debit,1/1/1970
6/20/2025,11:00:00 PM GMT+3,1/1/1970,expiration,AAPL $190 put exp. 6/20/2025,1/1/1970,1/1/1970,1/1/1970,debit,1/1/1970
6/20/2025,11:00:00 PM GMT+3,1/1/1970,expiration,AAPL $190 put exp. 6/20/2025,1/1/1970,1/1/1970,1/1/1970,debit,1/1/1970
6/23/2025,10:45:00 PM GMT+3,1/1/1970,sell to open,AAPL $190 put exp. 8/1/2025,1/1/1970,1/1/1970,1/1/1970,credit,1/1/1970
6/24/2025,10:45:00 PM GMT+3,1/1/1970,sell to open,AAPL $190 put exp. 8/15/2025,1/1/1970,1/1/1970,1/1/1970,credit,1/1/1970
6/25/2025,10:45:00 PM GMT+3,1/1/1970,sell to open,AAPL $190 put exp. 8/15/2025,1/1/1970,1/1/1970,1/1/1970,credit,1/1/1970
6/26/2025,10:45:00 PM GMT+3,1/1/1970,sell to open,AAPL $190 put exp. 8/8/2025,1/1/1970,1/1/1970,1/1/1970,credit,1/1/1970
6/27/2025,10:45:00 PM GMT+3,1/1/1970,sell to open,AAPL $190 put exp. 8/8/2025,1/1/1970,1/1/1970,1/1/1970,credit,1/1/1970
6/27/2025,11:00:00 PM GMT+3,1/1/1970,expiration,AAPL $200 put exp. 6/27/2025,1/1/1970,1/1/1970,1/1/1970,debit,1/1/1970
6/27/2025,11:00:00 PM GMT+3,1/1/1970,expiration,AAPL $200 put exp. 6/27/2025,1/1/1970,1/1/1970,1/1/1970,debit,1/1/1970
6/27/2025,11:00:00 PM GMT+3,1/1/1970,expiration,AAPL $200 put exp. 6/27/2025,1/1/1970,1/1/1970,1/1/1970,debit,1/1/1970
6/27/2025,11:00:00 PM GMT+3,1/1/1970,expiration,AAPL $200 put exp. 6/27/2025,1/1/1970,1/1/1970,1/1/1970,debit,1/1/1970
6/27/2025,11:00:00 PM GMT+3,1/1/1970,expiration,AAPL $200 put exp. 6/27/2025,1/1/1970,1/1/1970,1/1/1970,debit,1/1/1970
6/27/2025,11:00:00 PM GMT+3,1/1/1970,expiration,AAPL $200 put exp. 6/27/2025,1/1/1970,1/1/1970,1/1/1970,debit,1/1/1970
6/27/2025,11:00:00 PM GMT+3,1/1/1970,expiration,AAPL $195 put exp. 6/27/2025,1/1/1970,1/1/1970,1/1/1970,debit,1/1/1970
6/27/2025,11:00:00 PM GMT+3,1/1/1970,expiration,AAPL $190 put exp. 6/27/2025,1/1/1970,1/1/1970,1/1/1970,debit,1/1/1970
6/30/2025,10:45:00 PM GMT+3,1/1/1970,sell to open,AAPL $195 put exp. 8/15/2025,1/1/1970,1/1/1970,1/1/1970,credit,1/1/1970
7/1/2025,10:45:00 PM GMT+3,1/1/1970,sell to open,AAPL $195 put exp. 8/15/2025,1/1/1970,1/1/1970,1/1/1970,credit,1/1/1970
7/2/2025,10:45:00 PM GMT+3,1/1/1970,sell to open,AAPL $200 put exp. 8/15/2025,1/1/1970,1/1/1970,1/1/1970,credit,1/1/1970
7/3/2025,10:45:00 PM GMT+3,1/1/1970,sell to open,AAPL $205 put exp. 8/15/2025,1/1/1970,1/1/1970,1/1/1970,credit,1/1/1970
7/3/2025,11:00:00 PM GMT+3,1/1/1970,expiration,AAPL $190 put exp. 7/3/2025,1/1/1970,1/1/1970,1/1/1970,debit,1/1/1970
7/3/2025,11:00:00 PM GMT+3,1/1/1970,expiration,AAPL $185 put exp. 7/3/2025,1/1/1970,1/1/1970,1/1/1970,debit,1/1/1970
7/7/2025,10:45:00 PM GMT+3,1/1/1970,sell to open,AAPL $200 put exp. 8/22/2025,1/1/1970,1/1/1970,1/1/1970,credit,1/1/1970
7/8/2025,10:45:00 PM GMT+3,1/1/1970,sell to open,AAPL $200 put exp. 8/22/2025,1/1/1970,1/1/1970,1/1/1970,credit,1/1/1970
7/9/2025,10:45:00 PM GMT+3,1/1/1970,sell to open,AAPL $200 put exp. 8/22/2025,1/1/1970,1/1/1970,1/1/1970,credit,1/1/1970
7/10/2025,10:45:00 PM GMT+3,1/1/1970,sell to open,AAPL $200 put exp. 8/22/2025,1/1/1970,1/1/1970,1/1/1970,credit,1/1/1970
7/11/2025,10:45:00 PM GMT+3,1/1/1970,sell to open,AAPL $200 put exp. 8/22/2025,1/1/1970,1/1/1970,1/1/1970,credit,1/1/1970
7/11/2025,11:00:00 PM GMT+3,1/1/1970,expiration,AAPL $190 put exp. 7/11/2025,1/1/1970,1/1/1970,1/1/1970,debit,1/1/1970
7/11/2025,11:00:00 PM GMT+3,1/1/1970,expiration,AAPL $190 put exp. 7/11/2025,1/1/1970,1/1/1970,1/1/1970,debit,1/1/1970
7/14/2025,10:45:00 PM GMT+3,1/1/1970,sell to open,AAPL $200 put exp. 8/29/2025,1/1/1970,1/1/1970,1/1/1970,credit,1/1/1970
7/15/2025,10:45:00 PM GMT+3,1/1/1970,sell to open,AAPL $200 put exp. 8/29/2025,1/1/1970,1/1/1970,1/1/1970,credit,1/1/1970
7/16/2025,10:45:00 PM GMT+3,1/1/1970,sell to open,AAPL $200 put exp. 8/29/2025,1/1/1970,1/1/1970,1/1/1970,credit,1/1/1970
7/17/2025,10:45:00 PM GMT+3,1/1/1970,sell to open,AAPL $200 put exp. 8/29/2025,1/1/1970,1/1/1970,1/1/1970,credit,1/1/1970
7/18/2025,10:45:00 PM GMT+3,1/1/1970,sell to open,AAPL $200 put exp. 8/29/2025,1/1/1970,1/1/1970,1/1/1970,credit,1/1/1970
7/18/2025,11:00:00 PM GMT+3,1/1/1970,expiration,AAPL $190 put exp. 7/18/2025,1/1/1970,1/1/1970,1/1/1970,debit,1/1/1970
7/18/2025,11:00:00 PM GMT+3,1/1/1970,expiration,AAPL $190 put exp. 7/18/2025,1/1/1970,1/1/1970,1/1/1970,debit,1/1/1970
7/18/2025,11:00:00 PM GMT+3,1/1/1970,expiration,AAPL $190 put exp. 7/18/2025,1/1/1970,1/1/1970,1/1/1970,debit,1/1/1970
7/18/2025,11:00:00 PM GMT+3,1/1/1970,expiration,AAPL $195 put exp. 7/18/2025,1/1/1970,1/1/1970,1/1/1970,debit,1/1/1970
7/18/2025,11:00:00 PM GMT+3,1/1/1970,expiration,AAPL $195 put exp. 7/18/2025,1/1/1970,1/1/1970,1/1/1970,debit,1/1/1970
7/18/2025,11:00:00 PM GMT+3,1/1/1970,expiration,AAPL $190 put exp. 7/18/2025,1/1/1970,1/1/1970,1/1/1970,debit,1/1/1970
7/18/2025,11:00:00 PM GMT+3,1/1/1970,expiration,AAPL $195 put exp. 7/18/2025,1/1/1970,1/1/1970,1/1/1970,debit,1/1/1970
7/21/2025,10:45:00 PM GMT+3,1/1/1970,sell to open,AAPL $200 put exp. 8/29/2025,1/1/1970,1/1/1970,1/1/1970,credit,1/1/1970
7/22/2025,10:45:00 PM GMT+3,1/1/1970,sell to open,AAPL $205 put exp. 8/29/2025,1/1/1970,1/1/1970,1/1/1970,credit,1/1/1970
7/23/2025,10:45:00 PM GMT+3,1/1/1970,sell to open,AAPL $205 put exp. 8/29/2025,1/1/1970,1/1/1970,1/1/1970,credit,1/1/1970
7/24/2025,10:45:00 PM GMT+3,1/1/1970,sell to open,AAPL $205 put exp. 9/5/2025,1/1/1970,1/1/1970,1/1/1970,credit,1/1/1970
7/25/2025,10:45:00 PM GMT+3,1/1/1970,sell to open,AAPL $205 put exp. 9/5/2025,1/1/1970,1/1/1970,1/1/1970,credit,1/1/1970
7/25/2025,11:00:00 PM GMT+3,1/1/1970,expiration,AAPL $190 put exp. 7/25/2025,1/1/1970,1/1/1970,1/1/1970,debit,1/1/1970
7/25/2025,11:00:00 PM GMT+3,1/1/1970,expiration,AAPL $195 put exp. 7/25/2025,1/1/1970,1/1/1970,1/1/1970,debit,1/1/1970
7/25/2025,11:00:00 PM GMT+3,1/1/1970,expiration,AAPL $190 put exp. 7/25/2025,1/1/1970,1/1/1970,1/1/1970,debit,1/1/1970
7/25/2025,11:00:00 PM GMT+3,1/1/1970,expiration,AAPL $190 put exp. 7/25/2025,1/1/1970,1/1/1970,1/1/1970,debit,1/1/1970
7/25/2025,11:00:00 PM GMT+3,1/1/1970,expiration,AAPL $185 put exp. 7/25/2025,1/1/1970,1/1/1970,1/1/1970,debit,1/1/1970
7/28/2025,10:45:00 PM GMT+3,1/1/1970,sell to open,AAPL $205 put exp. 9/5/2025,1/1/1970,1/1/1970,1/1/1970,credit,1/1/1970
7/29/2025,10:45:00 PM GMT+3,1/1/1970,sell to open,AAPL $200 put exp. 9/19/2025,1/1/1970,1/1/1970,1/1/1970,credit,1/1/1970
7/30/2025,10:45:00 PM GMT+3,1/1/1970,sell to open,AAPL $200 put exp. 9/19/2025,1/1/1970,1/1/1970,1/1/1970,credit,1/1/1970
7/31/2025,10:45:00 PM GMT+3,1/1/1970,sell to open,AAPL $200 put exp. 9/12/2025,1/1/1970,1/1/1970,1/1/1970,credit,1/1/1970
8/1/2025,10:45:00 PM GMT+3,1/1/1970,sell to open,AAPL $190 put exp. 9/12/2025,1/1/1970,1/1/1970,1/1/1970,credit,1/1/1970
8/1/2025,11:00:00 PM GMT+3,1/1/1970,expiration,AAPL $190 put exp. 8/1/2025,1/1/1970,1/1/1970,1/1/1970,debit,1/1/1970
8/1/2025,11:00:00 PM GMT+3,1/1/1970,expiration,AAPL $185 put exp. 8/1/2025,1/1/1970,1/1/1970,1/1/1970,debit,1/1/1970
8/1/2025,11:00:00 PM GMT+3,1/1/1970,expiration,AAPL $185 put exp. 8/1/2025,1/1/1970,1/1/1970,1/1/1970,debit,1/1/1970
8/1/2025,11:00:00 PM GMT+3,1/1/1970,expiration,AAPL $190 put exp. 8/1/2025,1/1/1970,1/1/1970,1/1/1970,debit,1/1/1970
8/1/2025,11:00:00 PM GMT+3,1/1/1970,expiration,AAPL $190 put exp. 8/1/2025,1/1/1970,1/1/1970,1/1/1970,debit,1/1/1970
8/4/2025,10:45:00 PM GMT+3,1/1/1970,sell to open,AAPL $190 put exp. 9/19/2025,1/1/1970,1/1/1970,1/1/1970,credit,1/1/1970
8/5/2025,10:45:00 PM GMT+3,1/1/1970,sell to open,AAPL $195 put exp. 9/19/2025,1/1/1970,1/1/1970,1/1/1970,credit,1/1/1970
8/6/2025,10:45:00 PM GMT+3,1/1/1970,sell to open,AAPL $205 put exp. 9/19/2025,1/1/1970,1/1/1970,1/1/1970,credit,1/1/1970
8/7/2025,10:45:00 PM GMT+3,1/1/1970,sell to open,AAPL $210 put exp. 9/19/2025,1/1/1970,1/1/1970,1/1/1970,credit,1/1/1970
8/8/2025,10:45:00 PM GMT+3,1/1/1970,sell to open,AAPL $220 put exp. 9/19/2025,1/1/1970,1/1/1970,1/1/1970,credit,1/1/1970
8/8/2025,11:00:00 PM GMT+3,1/1/1970,expiration,AAPL $190 put exp. 8/8/2025,1/1/1970,1/1/1970,1/1/1970,debit,1/1/1970
8/8/2025,11:00:00 PM GMT+3,1/1/1970,expiration,AAPL $190 put exp. 8/8/2025,1/1/1970,1/1/1970,1/1/1970,debit,1/1/1970
8/11/2025,10:45:00 PM GMT+3,1/1/1970,sell to open,AAPL $215 put exp. 9/26/2025,1/1/1970,1/1/1970,1/1/1970,credit,1/1/1970
8/12/2025,10:45:00 PM GMT+3,1/1/1970,sell to open,AAPL $220 put exp. 9/26/2025,1/1/1970,1/1/1970,1/1/1970,credit,1/1/1970
8/13/2025,10:45:00 PM GMT+3,1/1/1970,sell to open,AAPL $220 put exp. 9/26/2025,1/1/1970,1/1/1970,1/1/1970,credit,1/1/1970
8/14/2025,10:45:00 PM GMT+3,1/1/1970,sell to open,AAPL $220 put exp. 9/26/2025,1/1/1970,1/1/1970,1/1/1970,credit,1/1/1970
8/15/2025,10:45:00 PM GMT+3,1/1/1970,sell to open,AAPL $220 put exp. 9/26/2025,1/1/1970,1/1/1970,1/1/1970,credit,1/1/1970
8/15/2025,11:00:00 PM GMT+3,1/1/1970,expiration,AAPL $190 put exp. 8/15/2025,1/1/1970,1/1/1970,1/1/1970,debit,1/1/1970
8/15/2025,11:00:00 PM GMT+3,1/1/1970,expiration,AAPL $190 put exp. 8/15/2025,1/1/1970,1/1/1970,1/1/1970,debit,1/1/1970
8/15/2025,11:00:00 PM GMT+3,1/1/1970,expiration,AAPL $195 put exp. 8/15/2025,1/1/1970,1/1/1970,1/1/1970,debit,1/1/1970
8/15/2025,11:00:00 PM GMT+3,1/1/1970,expiration,AAPL $195 put exp. 8/15/2025,1/1/1970,1/1/1970,1/1/1970,debit,1/1/1970
8/15/2025,11:00:00 PM GMT+3,1/1/1970,expiration,AAPL $200 put exp. 8/15/2025,1/1/1970,1/1/1970,1/1/1970,debit,1/1/1970
8/15/2025,11:00:00 PM GMT+3,1/1/1970,expiration,AAPL $205 put exp. 8/15/2025,1/1/1970,1/1/1970,1/1/1970,debit,1/1/1970
8/18/2025,10:45:00 PM GMT+3,1/1/1970,sell to open,AAPL $220 put exp. 9/26/2025,1/1/1970,1/1/1970,1/1/1970,credit,1/1/1970
8/19/2025,10:45:00 PM GMT+3,1/1/1970,sell to open,AAPL $220 put exp. 9/26/2025,1/1/1970,1/1/1970,1/1/1970,credit,1/1/1970
8/20/2025,10:45:00 PM GMT+3,1/1/1970,sell to open,AAPL $215 put exp. 9/26/2025,1/1/1970,1/1/1970,1/1/1970,credit,1/1/1970
8/21/2025,10:45:00 PM GMT+3,1/1/1970,sell to open,AAPL $215 put exp. 10/3/2025,1/1/1970,1/1/1970,1/1/1970,credit,1/1/1970
8/22/2025,10:45:00 PM GMT+3,1/1/1970,sell to open,AAPL $215 put exp. 10/3/2025,1/1/1970,1/1/1970,1/1/1970,credit,1/1/1970
8/22/2025,11:00:00 PM GMT+3,1/1/1970,expiration,AAPL $200 put exp. 8/22/2025,1/1/1970,1/1/1970,1/1/1970,debit,1/1/1970
8/22/2025,11:00:00 PM GMT+3,1/1/1970,expiration,AAPL $200 put exp. 8/22/2025,1/1/1970,1/1/1970,1/1/1970,debit,1/1/1970
8/22/2025,11:00:00 PM GMT+3,1/1/1970,expiration,AAPL $200 put exp. 8/22/2025,1/1/1970,1/1/1970,1/1/1970,debit,1/1/1970
8/22/2025,11:00:00 PM GMT+3,1/1/1970,expiration,AAPL $200 put exp. 8/22/2025,1/1/1970,1/1/1970,1/1/1970,debit,1/1/1970
8/22/2025,11:00:00 PM GMT+3,1/1/1970,expiration,AAPL $200 put exp. 8/22/2025,1/1/1970,1/1/1970,1/1/1970,debit,1/1/1970
8/25/2025,10:45:00 PM GMT+3,1/1/1970,sell to open,AAPL $215 put exp. 10/3/2025,1/1/1970,1/1/1970,1/1/1970,credit,1/1/1970
8/26/2025,10:45:00 PM GMT+3,1/1/1970,sell to open,AAPL $215 put exp. 10/17/2025,1/1/1970,1/1/1970,1/1/1970,credit,1/1/1970
8/27/2025,10:45:00 PM GMT+3,1/1/1970,sell to open,AAPL $220 put exp. 10/17/2025,1/1/1970,1/1/1970,1/1/1970,credit,1/1/1970
8/28/2025,10:45:00 PM GMT+3,1/1/1970,sell to open,AAPL $220 put exp. 10/10/2025,1/1/1970,1/1/1970,1/1/1970,credit,1/1/1970
8/29/2025,10:45:00 PM GMT+3,1/1/1970,sell to open,AAPL $220 put exp. 10/10/2025,1/1/1970,1/1/1970,1/1/1970,credit,1/1/1970
8/29/2025,11:00:00 PM GMT+3,1/1/1970,expiration,AAPL $200 put exp. 8/29/2025,1/1/1970,1/1/1970,1/1/1970,debit,1/1/1970
8/29/2025,11:00:00 PM GMT+3,1/1/1970,expiration,AAPL $200 put exp. 8/29/2025,1/1/1970,1/1/1970,1/1/1970,debit,1/1/1970
8/29/2025,11:00:00 PM GMT+3,1/1/1970,expiration,AAPL $200 put exp. 8/29/2025,1/1/1970,1/1/1970,1/1/1970,debit,1/1/1970
8/29/2025,11:00:00 PM GMT+3,1/1/1970,expiration,AAPL $200 put exp. 8/29/2025,1/1/1970,1/1/1970,1/1/1970,debit,1/1/1970
8/29/2025,11:00:00 PM GMT+3,1/1/1970,expiration,AAPL $200 put exp. 8/29/2025,1/1/1970,1/1/1970,1/1/1970,debit,1/1/1970
8/29/2025,11:00:00 PM GMT+3,1/1/1970,expiration,AAPL $200 put exp. 8/29/2025,1/1/1970,1/1/1970,1/1/1970,debit,1/1/1970
8/29/2025,11:00:00 PM GMT+3,1/1/1970,expiration,AAPL $205 put exp. 8/29/2025,1/1/1970,1/1/1970,1/1/1970,debit,1/1/1970
8/29/2025,11:00:00 PM GMT+3,1/1/1970,expiration,AAPL $205 put exp. 8/29/2025,1/1/1970,1/1/1970,1/1/1970,debit,1/1/1970
9/2/2025,10:45:00 PM GMT+3,1/1/1970,sell to open,AAPL $220 put exp. 10/17/2025,1/1/1970,1/1/1970,1/1/1970,credit,1/1/1970
9/3/2025,10:45:00 PM GMT+3,1/1/1970,sell to open,AAPL $225 put exp. 10/17/2025,1/1/1970,1/1/1970,1/1/1970,credit,1/1/1970
9/4/2025,10:45:00 PM GMT+3,1/1/1970,sell to open,AAPL $225 put exp. 10/17/2025,1/1/1970,1/1/1970,1/1/1970,credit,1/1/1970
9/5/2025,10:45:00 PM GMT+3,1/1/1970,sell to open,AAPL $230 put exp. 10/17/2025,1/1/1970,1/1/1970,1/1/1970,credit,1/1/1970
9/5/2025,11:00:00 PM GMT+3,1/1/1970,expiration,AAPL $205 put exp. 9/5/2025,1/1/1970,1/1/1970,1/1/1970,debit,1/1/1970
9/5/2025,11:00:00 PM GMT+3,1/1/1970,expiration,AAPL $205 put exp. 9/5/2025,1/1/1970,1/1/1970,1/1/1970,debit,1/1/1970
9/5/2025,11:00:00 PM GMT+3,1/1/1970,expiration,AAPL $205 put exp. 9/5/2025,1/1/1970,1/1/1970,1/1/1970,debit,1/1/1970
9/8/2025,10:45:00 PM GMT+3,1/1/1970,sell to open,AAPL $225 put exp. 10/24/2025,1/1/1970,1/1/1970,1/1/1970,credit,1/1/1970
9/9/2025,10:45:00 PM GMT+3,1/1/1970,sell to open,AAPL $220 put exp. 10/24/2025,1/1/1970,1/1/1970,1/1/1970,credit,1/1/1970
9/10/2025,10:45:00 PM GMT+3,1/1/1970,sell to open,AAPL $215 put exp. 10/24/2025,1/1/1970,1/1/1970,1/1/1970,credit,1/1/1970
9/11/2025,10:45:00 PM GMT+3,1/1/1970,sell to open,AAPL $220 put exp. 10/24/2025,1/1/1970,1/1/1970,1/1/1970,credit,1/1/1970
9/12/2025,10:45:00 PM GMT+3,1/1/1970,sell to open,AAPL $220 put exp. 10/24/2025,1/1/1970,1/1/1970,1/1/1970,credit,1/1/1970
9/12/2025,11:00:00 PM GMT+3,1/1/1970,expiration,AAPL $200 put exp. 9/12/2025,1/1/1970,1/1/1970,1/1/1970,debit,1/1/1970
9/12/2025,11:00:00 PM GMT+3,1/1/1970,expiration,AAPL $190 put exp. 9/12/2025,1/1/1970,1/1/1970,1/1/1970,debit,1/1/1970
9/15/2025,10:45:00 PM GMT+3,1/1/1970,sell to open,AAPL $225 put exp. 10/31/2025,1/1/1970,1/1/1970,1/1/1970,credit,1/1/1970
9/16/2025,10:45:00 PM GMT+3,1/1/1970,sell to open,AAPL $225 put exp. 10/31/2025,1/1/1970,1/1/1970,1/1/1970,credit,1/1/1970
9/17/2025,10:45:00 PM GMT+3,1/1/1970,sell to open,AAPL $225 put exp. 10/31/2025,1/1/1970,1/1/1970,1/1/1970,credit,1/1/1970
9/18/2025,10:45:00 PM GMT+3,1/1/1970,sell to open,AAPL $225 put exp. 10/31/2025,1/1/1970,1/1/1970,1/1/1970,credit,1/1/1970
9/19/2025,10:45:00 PM GMT+3,1/1/1970,sell to open,AAPL $235 put exp. 10/31/2025,1/1/1970,1/1/1970,1/1/1970,credit,1/1/1970
9/19/2025,11:00:00 PM GMT+3,1/1/1970,expiration,AAPL $200 put exp. 9/19/2025,1/1/1970,1/1/1970,1/1/1970,debit,1/1/1970
9/19/2025,11:00:00 PM GMT+3,1/1/1970,expiration,AAPL $200 put exp. 9/19/2025,1/1/1970,1/1/1970,1/1/1970,debit,1/1/1970
9/19/2025,11:00:00 PM GMT+3,1/1/1970,expiration,AAPL $190 put exp. 9/19/2025,1/1/1970,1/1/1970,1/1/1970,debit,1/1/1970
9/19/2025,11:00:00 PM GMT+3,1/1/1970,expiration,AAPL $195 put exp. 9/19/2025,1/1/1970,1/1/1970,1/1/1970,debit,1/1/1970
9/19/2025,11:00:00 PM GMT+3,1/1/1970,expiration,AAPL $205 put exp. 9/19/2025,1/1/1970,1/1/1970,1/1/1970,debit,1/1/1970
9/19/2025,11:00:00 PM GMT+3,1/1/1970,expiration,AAPL $210 put exp. 9/19/2025,1/1/1970,1/1/1970,1/1/1970,debit,1/1/1970
9/19/2025,11:00:00 PM GMT+3,1/1/1970,expiration,AAPL $220 put exp. 9/19/2025,1/1/1970,1/1/1970,1/1/1970,debit,1/1/1970
9/22/2025,10:45:00 PM GMT+3,1/1/1970,sell to open,AAPL $245 put exp. 10/31/2025,1/1/1970,1/1/1970,1/1/1970,credit,1/1/1970
9/23/2025,10:45:00 PM GMT+3,1/1/1970,sell to open,AAPL $240 put exp. 10/31/2025,1/1/1970,1/1/1970,1/1/1970,credit,1/1/1970
9/24/2025,10:45:00 PM GMT+3,1/1/1970,sell to open,AAPL $240 put exp. 10/31/2025,1/1/1970,1/1/1970,1/1/1970,credit,1/1/1970
9/25/2025,10:45:00 PM GMT+3,1/1/1970,sell to open,AAPL $245 put exp. 11/7/2025,1/1/1970,1/1/1970,1/1/1970,credit,1/1/1970
9/26/2025,10:45:00 PM GMT+3,1/1/1970,sell to open,AAPL $240 put exp. 11/7/2025,1/1/1970,1/1/1970,1/1/1970,credit,1/1/1970
9/26/2025,11:00:00 PM GMT+3,1/1/1970,expiration,AAPL $215 put exp. 9/26/2025,1/1/1970,1/1/1970,1/1/1970,debit,1/1/1970
9/26/2025,11:00:00 PM GMT+3,1/1/1970,expiration,AAPL $220 put exp. 9/26/2025,1/1/1970,1/1/1970,1/1/1970,debit,1/1/1970
9/26/2025,11:00:00 PM GMT+3,1/1/1970,expiration,AAPL $220 put exp. 9/26/2025,1/1/1970,1/1/1970,1/1/1970,debit,1/1/1970
9/26/2025,11:00:00 PM GMT+3,1/1/1970,expiration,AAPL $220 put exp. 9/26/2025,1/1/1970,1/1/1970,1/1/1970,debit,1/1/1970
9/26/2025,11:00:00 PM GMT+3,1/1/1970,expiration,AAPL $220 put exp. 9/26/2025,1/1/1970,1/1/1970,1/1/1970,debit,1/1/1970
9/26/2025,11:00:00 PM GMT+3,1/1/1970,expiration,AAPL $220 put exp. 9/26/2025,1/1/1970,1/1/1970,1/1/1970,debit,1/1/1970
9/26/2025,11:00:00 PM GMT+3,1/1/1970,expiration,AAPL $220 put exp. 9/26/2025,1/1/1970,1/1/1970,1/1/1970,debit,1/1/1970
9/26/2025,11:00:00 PM GMT+3,1/1/1970,expiration,AAPL $215 put exp. 9/26/2025,1/1/1970,1/1/1970,1/1/1970,debit,1/1/1970
9/29/2025,10:45:00 PM GMT+3,1/1/1970,sell to open,AAPL $240 put exp. 11/7/2025,1/1/1970,1/1/1970,1/1/1970,credit,1/1/1970
9/30/2025,10:45:00 PM GMT+3,1/1/1970,sell to open,AAPL $240 put exp. 11/21/2025,1/1/1970,1/1/1970,1/1/1970,credit,1/1/1970
10/1/2025,10:45:00 PM GMT+3,1/1/1970,sell to open,AAPL $245 put exp. 11/21/2025,1/1/1970,1/1/1970,1/1/1970,credit,1/1/1970
10/2/2025,10:45:00 PM GMT+3,1/1/1970,sell to open,AAPL $245 put exp. 11/14/2025,1/1/1970,1/1/1970,1/1/1970,credit,1/1/1970
10/3/2025,10:45:00 PM GMT+3,1/1/1970,sell to open,AAPL $245 put exp. 11/14/2025,1/1/1970,1/1/1970,1/1/1970,credit,1/1/1970
10/3/2025,11:00:00 PM GMT+3,1/1/1970,expiration,AAPL $215 put exp. 10/3/2025,1/1/1970,1/1/1970,1/1/1970,debit,1/1/1970
10/3/2025,11:00:00 PM GMT+3,1/1/1970,expiration,AAPL $215 put exp. 10/3/2025,1/1/1970,1/1/1970,1/1/1970,debit,1/1/1970
10/3/2025,11:00:00 PM GMT+3,1/1/1970,expiration,AAPL $215 put exp. 10/3/2025,1/1/1970,1/1/1970,1/1/1970,debit,1/1/1970
10/6/2025,10:45:00 PM GMT+3,1/1/1970,sell to open,AAPL $245 put exp. 11/21/2025,1/1/1970,1/1/1970,1/1/1970,credit,1/1/1970
10/7/2025,10:45:00 PM GMT+3,1/1/1970,sell to open,AAPL $245 put exp. 11/21/2025,1/1/1970,1/1/1970,1/1/1970,credit,1/1/1970
10/8/2025,10:45:00 PM GMT+3,1/1/1970,sell to open,AAPL $245 put exp. 11/21/2025,1/1/1970,1/1/1970,1/1/1970,credit,1/1/1970
10/9/2025,10:45:00 PM GMT+3,1/1/1970,sell to open,AAPL $240 put exp. 11/21/2025,1/1/1970,1/1/1970,1/1/1970,credit,1/1/1970
10/10/2025,10:45:00 PM GMT+3,1/1/1970,sell to open,AAPL $235 put exp. 11/21/2025,1/1/1970,1/1/1970,1/1/1970,credit,1/1/1970
10/10/2025,11:00:00 PM GMT+3,1/1/1970,expiration,AAPL $220 put exp. 10/10/2025,1/1/1970,1/1/1970,1/1/1970,debit,1/1/1970
10/10/2025,11:00:00 PM GMT+3,1/1/1970,expiration,AAPL $220 put exp. 10/10/2025,1/1/1970,1/1/1970,1/1/1970,debit,1/1/1970
10/13/2025,10:45:00 PM GMT+3,1/1/1970,sell to open,AAPL $235 put exp. 11/28/2025,1/1/1970,1/1/1970,1/1/1970,credit,1/1/1970
10/14/2025,10:45:00 PM GMT+3,1/1/1970,sell to open,AAPL $235 put exp. 11/28/2025,1/1/1970,1/1/1970,1/1/1970,credit,1/1/1970
10/15/2025,10:45:00 PM GMT+3,1/1/1970,sell to open,AAPL $235 put exp. 11/28/2025,1/1/1970,1/1/1970,1/1/1970,credit,1/1/1970
10/16/2025,10:45:00 PM GMT+3,1/1/1970,sell to open,AAPL $235 put exp. 11/28/2025,1/1/1970,1/1/1970,1/1/1970,credit,1/1/1970
10/17/2025,10:45:00 PM GMT+3,1/1/1970,sell to open,AAPL $240 put exp. 11/28/2025,1/1/1970,1/1/1970,1/1/1970,credit,1/1/1970
10/17/2025,11:00:00 PM GMT+3,1/1/1970,expiration,AAPL $215 put exp. 10/17/2025,1/1/1970,1/1/1970,1/1/1970,debit,1/1/1970
10/17/2025,11:00:00 PM GMT+3,1/1/1970,expiration,AAPL $220 put exp. 10/17/2025,1/1/1970,1/1/1970,1/1/1970,debit,1/1/1970
10/17/2025,11:00:00 PM GMT+3,1/1/1970,expiration,AAPL $220 put exp. 10/17/2025,1/1/1970,1/1/1970,1/1/1970,debit,1/1/1970
10/17/2025,11:00:00 PM GMT+3,1/1/1970,expiration,AAPL $225 put exp. 10/17/2025,1/1/1970,1/1/1970,1/1/1970,debit,1/1/1970
10/17/2025,11:00:00 PM GMT+3,1/1/1970,expiration,AAPL $225 put exp. 10/17/2025,1/1/1970,1/1/1970,1/1/1970,debit,1/1/1970
10/17/2025,11:00:00 PM GMT+3,1/1/1970,expiration,AAPL $230 put exp. 10/17/2025,1/1/1970,1/1/1970,1/1/1970,debit,1/1/1970
10/20/2025,10:45:00 PM GMT+3,1/1/1970,sell to open,AAPL $250 put exp. 11/28/2025,1/1/1970,1/1/1970,1/1/1970,credit,1/1/1970
10/21/2025,10:45:00 PM GMT+3,1/1/1970,sell to open,AAPL $250 put exp. 11/28/2025,1/1/1970,1/1/1970,1/1/1970,credit,1/1/1970
10/22/2025,10:45:00 PM GMT+3,1/1/1970,sell to open,AAPL $245 put exp. 11/28/2025,1/1/1970,1/1/1970,1/1/1970,credit,1/1/1970
10/23/2025,10:45:00 PM GMT+3,1/1/1970,sell to open,AAPL $245 put exp. 12/5/2025,1/1/1970,1/1/1970,1/1/1970,credit,1/1/1970
10/24/2025,10:45:00 PM GMT+3,1/1/1970,sell to open,AAPL $250 put exp. 12/5/2025,1/1/1970,1/1/1970,1/1/1970,credit,1/1/1970
10/24/2025,11:00:00 PM GMT+3,1/1/1970,expiration,AAPL $225 put exp. 10/24/2025,1/1/1970,1/1/1970,1/1/1970,debit,1/1/1970
10/24/2025,11:00:00 PM GMT+3,1/1/1970,expiration,AAPL $220 put exp. 10/24/2025,1/1/1970,1/1/1970,1/1/1970,debit,1/1/1970
10/24/2025,11:00:00 PM GMT+3,1/1/1970,expiration,AAPL $215 put exp. 10/24/2025,1/1/1970,1/1/1970,1/1/1970,debit,1/1/1970
10/24/2025,11:00:00 PM GMT+3,1/1/1970,expiration,AAPL $220 put exp. 10/24/2025,1/1/1970,1/1/1970,1/1/1970,debit,1/1/1970
10/24/2025,11:00:00 PM GMT+3,1/1/1970,expiration,AAPL $220 put exp. 10/24/2025,1/1/1970,1/1/1970,1/1/1970,debit,1/1/1970
10/27/2025,9:45:00 PM GMT+2,1/1/1970,sell to open,AAPL $255 put exp. 12/5/2025,1/1/1970,1/1/1970,1/1/1970,credit,1/1/1970
10/28/2025,9:45:00 PM GMT+2,1/1/1970,sell to open,AAPL $255 put exp. 12/19/2025,1/1/1970,1/1/1970,1/1/1970,credit,1/1/1970
10/29/2025,9:45:00 PM GMT+2,1/1/1970,sell to open,AAPL $255 put exp. 12/19/2025,1/1/1970,1/1/1970,1/1/1970,credit,1/1/1970
10/30/2025,9:45:00 PM GMT+2,1/1/1970,sell to open,AAPL $260 put exp. 12/12/2025,1/1/1970,1/1/1970,1/1/1970,credit,1/1/1970
10/31/2025,9:45:00 PM GMT+2,1/1/1970,sell to open,AAPL $260 put exp. 12/12/2025,1/1/1970,1/1/1970,1/1/1970,credit,1/1/1970
10/31/2025,10:00:00 PM GMT+2,1/1/1970,expiration,AAPL $225 put exp. 10/31/2025,1/1/1970,1/1/1970,1/1/1970,debit,1/1/1970
10/31/2025,10:00:00 PM GMT+2,1/1/1970,expiration,AAPL $225 put exp. 10/31/2025,1/1/1970,1/1/1970,1/1/1970,debit,1/1/1970
10/31/2025,10:00:00 PM GMT+2,1/1/1970,expiration,AAPL $225 put exp. 10/31/2025,1/1/1970,1/1/1970,1/1/1970,debit,1/1/1970
10/31/2025,10:00:00 PM GMT+2,1/1/1970,expiration,AAPL $225 put exp. 10/31/2025,1/1/1970,1/1/1970,1/1/1970,debit,1/1/1970
10/31/2025,10:00:00 PM GMT+2,1/1/1970,expiration,AAPL $235 put exp. 10/31/2025,1/1/1970,1/1/1970,1/1/1970,debit,1/1/1970
10/31/2025,10:00:00 PM GMT+2,1/1/1970,expiration,AAPL $245 put exp. 10/31/2025,1/1/1970,1/1/1970,1/1/1970,debit,1/1/1970
10/31/2025,10:00:00 PM GMT+2,1/1/1970,expiration,AAPL $240 put exp. 10/31/2025,1/1/1970,1/1/1970,1/1/1970,debit,1/1/1970
10/31/2025,10:00:00 PM GMT+2,1/1/1970,expiration,AAPL $240 put exp. 10/31/2025,1/1/1970,1/1/1970,1/1/1970,debit,1/1/1970
11/3/2025,10:45:00 PM GMT+2,1/1/1970,sell to open,AAPL $255 put exp. 12/19/2025,1/1/1970,1/1/1970,1/1/1970,credit,1/1/1970
11/4/2025,10:45:00 PM GMT+2,1/1/1970,sell to open,AAPL $255 put exp. 12/19/2025,1/1/1970,1/1/1970,1/1/1970,credit,1/1/1970
11/5/2025,10:45:00 PM GMT+2,1/1/1970,sell to open,AAPL $255 put exp. 12/19/2025,1/1/1970,1/1/1970,1/1/1970,credit,1/1/1970
11/6/2025,10:45:00 PM GMT+2,1/1/1970,sell to open,AAPL $255 put exp. 12/19/2025,1/1/1970,1/1/1970,1/1/1970,credit,1/1/1970
11/7/2025,10:45:00 PM GMT+2,1/1/1970,sell to open,AAPL $255 put exp. 12/19/2025,1/1/1970,1/1/1970,1/1/1970,credit,1/1/1970
11/7/2025,11:00:00 PM GMT+2,1/1/1970,expiration,AAPL $245 put exp. 11/7/2025,1/1/1970,1/1/1970,1/1/1970,debit,1/1/1970
11/7/2025,11:00:00 PM GMT+2,1/1/1970,expiration,AAPL $240 put exp. 11/7/2025,1/1/1970,1/1/1970,1/1/1970,debit,1/1/1970
11/7/2025,11:00:00 PM GMT+2,1/1/1970,expiration,AAPL $240 put exp. 11/7/2025,1/1/1970,1/1/1970,1/1/1970,debit,1/1/1970
11/10/2025,10:45:00 PM GMT+2,1/1/1970,sell to open,AAPL $255 put exp. 12/26/2025,1/1/1970,1/1/1970,1/1/1970,credit,1/1/1970
11/11/2025,10:45:00 PM GMT+2,1/1/1970,sell to open,AAPL $260 put exp. 12/26/2025,1/1/1970,1/1/1970,1/1/1970,credit,1/1/1970
11/12/2025,10:45:00 PM GMT+2,1/1/1970,sell to open,AAPL $260 put exp. 12/26/2025,1/1/1970,1/1/1970,1/1/1970,credit,1/1/1970
11/13/2025,10:45:00 PM GMT+2,1/1/1970,sell to open,AAPL $260 put exp. 12/26/2025,1/1/1970,1/1/1970,1/1/1970,credit,1/1/1970
11/14/2025,10:45:00 PM GMT+2,1/1/1970,sell to open,AAPL $260 put exp. 12/26/2025,1/1/1970,1/1/1970,1/1/1970,credit,1/1/1970
11/14/2025,11:00:00 PM GMT+2,1/1/1970,expiration,AAPL $245 put exp. 11/14/2025,1/1/1970,1/1/1970,1/1/1970,debit,1/1/1970
11/14/2025,11:00:00 PM GMT+2,1/1/1970,expiration,AAPL $245 put exp. 11/14/2025,1/1/1970,1/1/1970,1/1/1970,debit,1/1/1970
11/17/2025,10:45:00 PM GMT+2,1/1/1970,sell to open,AAPL $255 put exp. 1/2/2026,1/1/1970,1/1/1970,1/1/1970,credit,1/1/1970
11/18/2025,10:45:00 PM GMT+2,1/1/1970,sell to open,AAPL $255 put exp. 1/2/2026,1/1/1970,1/1/1970,1/1/1970,credit,1/1/1970
11/19/2025,10:45:00 PM GMT+2,1/1/1970,sell to open,AAPL $255 put exp. 1/2/2026,1/1/1970,1/1/1970,1/1/1970,credit,1/1/1970
11/20/2025,10:45:00 PM GMT+2,1/1/1970,sell to open,AAPL $255 put exp. 1/2/2026,1/1/1970,1/1/1970,1/1/1970,credit,1/1/1970
11/21/2025,10:45:00 PM GMT+2,1/1/1970,sell to open,AAPL $260 put exp. 1/2/2026,1/1/1970,1/1/1970,1/1/1970,credit,1/1/1970
11/21/2025,11:00:00 PM GMT+2,1/1/1970,expiration,AAPL $240 put exp. 11/21/2025,1/1/1970,1/1/1970,1/1/1970,debit,1/1/1970
11/21/2025,11:00:00 PM GMT+2,1/1/1970,expiration,AAPL $245 put exp. 11/21/2025,1/1/1970,1/1/1970,1/1/1970,debit,1/1/1970
11/21/2025,11:00:00 PM GMT+2,1/1/1970,expiration,AAPL $245 put exp. 11/21/2025,1/1/1970,1/1/1970,1/1/1970,debit,1/1/1970
11/21/2025,11:00:00 PM GMT+2,1/1/1970,expiration,AAPL $245 put exp. 11/21/2025,1/1/1970,1/1/1970,1/1/1970,debit,1/1/1970
11/21/2025,11:00:00 PM GMT+2,1/1/1970,expiration,AAPL $245 put exp. 11/21/2025,1/1/1970,1/1/1970,1/1/1970,debit,1/1/1970
11/21/2025,11:00:00 PM GMT+2,1/1/1970,expiration,AAPL $240 put exp. 11/21/2025,1/1/1970,1/1/1970,1/1/1970,debit,1/1/1970
11/21/2025,11:00:00 PM GMT+2,1/1/1970,expiration,AAPL $235 put exp. 11/21/2025,1/1/1970,1/1/1970,1/1/1970,debit,1/1/1970
11/24/2025,10:45:00 PM GMT+2,1/1/1970,sell to open,AAPL $265 put exp. 1/2/2026,1/1/1970,1/1/1970,1/1/1970,credit,1/1/1970
11/25/2025,10:45:00 PM GMT+2,1/1/1970,sell to open,AAPL $265 put exp. 1/16/2026,1/1/1970,1/1/1970,1/1/1970,credit,1/1/1970
11/26/2025,10:45:00 PM GMT+2,1/1/1970,sell to open,AAPL $265 put exp. 1/9/2026,1/1/1970,1/1/1970,1/1/1970,credit,1/1/1970
11/28/2025,10:45:00 PM GMT+2,1/1/1970,sell to open,AAPL $265 put exp. 1/9/2026,1/1/1970,1/1/1970,1/1/1970,credit,1/1/1970
11/28/2025,11:00:00 PM GMT+2,1/1/1970,expiration,AAPL $235 put exp. 11/28/2025,1/1/1970,1/1/1970,1/1/1970,debit,1/1/1970
11/28/2025,11:00:00 PM GMT+2,1/1/1970,expiration,AAPL $235 put exp. 11/28/2025,1/1/1970,1/1/1970,1/1/1970,debit,1/1/1970
11/28/2025,11:00:00 PM GMT+2,1/1/1970,expiration,AAPL $235 put exp. 11/28/2025,1/1/1970,1/1/1970,1/1/1970,debit,1/1/1970
11/28/2025,11:00:00 PM GMT+2,1/1/1970,expiration,AAPL $235 put exp. 11/28/2025,1/1/1970,1/1/1970,1/1/1970,debit,1/1/1970
11/28/2025,11:00:00 PM GMT+2,1/1/1970,expiration,AAPL $240 put exp. 11/28/2025,1/1/1970,1/1/1970,1/1/1970,debit,1/1/1970
11/28/2025,11:00:00 PM GMT+2,1/1/1970,expiration,AAPL $250 put exp. 11/28/2025,1/1/1970,1/1/1970,1/1/1970,debit,1/1/1970
11/28/2025,11:00:00 PM GMT+2,1/1/1970,expiration,AAPL $250 put exp. 11/28/2025,1/1/1970,1/1/1970,1/1/1970,debit,1/1/1970
11/28/2025,11:00:00 PM GMT+2,1/1/1970,expiration,AAPL $245 put exp. 11/28/2025,1/1/1970,1/1/1970,1/1/1970,debit,1/1/1970
12/1/2025,10:45:00 PM GMT+2,1/1/1970,sell to open,AAPL $270 put exp. 1/16/2026,1/1/1970,1/1/1970,1/1/1970,credit,1/1/1970
12/2/2025,10:45:00 PM GMT+2,1/1/1970,sell to open,AAPL $270 put exp. 1/16/2026,1/1/1970,1/1/1970,1/1/1970,credit,1/1/1970
12/3/2025,10:45:00 PM GMT+2,1/1/1970,sell to open,AAPL $270 put exp. 1/16/2026,1/1/1970,1/1/1970,1/1/1970,credit,1/1/1970
12/4/2025,10:45:00 PM GMT+2,1/1/1970,sell to open,AAPL $265 put exp. 1/16/2026,1/1/1970,1/1/1970,1/1/1970,credit,1/1/1970
12/5/2025,10:45:00 PM GMT+2,1/1/1970,sell to open,AAPL $265 put exp. 1/16/2026,1/1/1970,1/1/1970,1/1/1970,credit,1/1/1970
12/5/2025,11:00:00 PM GMT+2,1/1/1970,expiration,AAPL $245 put exp. 12/5/2025,1/1/1970,1/1/1970,1/1/1970,debit,1/1/1970
12/5/2025,11:00:00 PM GMT+2,1/1/1970,expiration,AAPL $250 put exp. 12/5/2025,1/1/1970,1/1/1970,1/1/1970,debit,1/1/1970
12/5/2025,11:00:00 PM GMT+2,1/1/1970,expiration,AAPL $255 put exp. 12/5/2025,1/1/1970,1/1/1970,1/1/1970,debit,1/1/1970
12/8/2025,10:45:00 PM GMT+2,1/1/1970,sell to open,AAPL $265 put exp. 1/23/2026,1/1/1970,1/1/1970,1/1/1970,credit,1/1/1970
12/9/2025,10:45:00 PM GMT+2,1/1/1970,sell to open,AAPL $265 put exp. 1/23/2026,1/1/1970,1/1/1970,1/1/1970,credit,1/1/1970
12/10/2025,10:45:00 PM GMT+2,1/1/1970,sell to open,AAPL $265 put exp. 1/23/2026,1/1/1970,1/1/1970,1/1/1970,credit,1/1/1970
12/11/2025,10:45:00 PM GMT+2,1/1/1970,sell to open,AAPL $265 put exp. 1/23/2026,1/1/1970,1/1/1970,1/1/1970,credit,1/1/1970
12/12/2025,10:45:00 PM GMT+2,1/1/1970,sell to open,AAPL $265 put exp. 1/23/2026,1/1/1970,1/1/1970,1/1/1970,credit,1/1/1970
12/12/2025,11:00:00 PM GMT+2,1/1/1970,expiration,AAPL $260 put exp. 12/12/2025,1/1/1970,1/1/1970,1/1/1970,debit,1/1/1970
12/12/2025,11:00:00 PM GMT+2,1/1/1970,expiration,AAPL $260 put exp. 12/12/2025,1/1/1970,1/1/1970,1/1/1970,debit,1/1/1970
12/15/2025,10:45:00 PM GMT+2,1/1/1970,sell to open,AAPL $260 put exp. 1/30/2026,1/1/1970,1/1/1970,1/1/1970,credit,1/1/1970
12/16/2025,10:45:00 PM GMT+2,1/1/1970,sell to open,AAPL $260 put exp. 1/30/2026,1/1/1970,1/1/1970,1/1/1970,credit,1/1/1970
12/17/2025,10:45:00 PM GMT+2,1/1/1970,sell to open,AAPL $260 put exp. 1/30/2026,1/1/1970,1/1/1970,1/1/1970,credit,1/1/1970
12/18/2025,10:45:00 PM GMT+2,1/1/1970,sell to open,AAPL $260 put exp. 1/30/2026,1/1/1970,1/1/1970,1/1/1970,credit,1/1/1970
12/19/2025,10:45:00 PM GMT+2,1/1/1970,sell to open,AAPL $255 put exp. 1/30/2026,1/1/1970,1/1/1970,1/1/1970,credit,1/1/1970
12/19/2025,11:00:00 PM GMT+2,1/1/1970,expiration,AAPL $255 put exp. 12/19/2025,1/1/1970,1/1/1970,1/1/1970,debit,1/1/1970
12/19/2025,11:00:00 PM GMT+2,1/1/1970,expiration,AAPL $255 put exp. 12/19/2025,1/1/1970,1/1/1970,1/1/1970,debit,1/1/1970
12/19/2025,11:00:00 PM GMT+2,1/1/1970,expiration,AAPL $255 put exp. 12/19/2025,1/1/1970,1/1/1970,1/1/1970,debit,1/1/1970
12/19/2025,11:00:00 PM GMT+2,1/1/1970,expiration,AAPL $255 put exp. 12/19/2025,1/1/1970,1/1/1970,1/1/1970,debit,1/1/1970
12/19/2025,11:00:00 PM GMT+2,1/1/1970,expiration,AAPL $255 put exp. 12/19/2025,1/1/1970,1/1/1970,1/1/1970,debit,1/1/1970
12/19/2025,11:00:00 PM GMT+2,1/1/1970,expiration,AAPL $255 put exp. 12/19/2025,1/1/1970,1/1/1970,1/1/1970,debit,1/1/1970
12/19/2025,11:00:00 PM GMT+2,1/1/1970,expiration,AAPL $255 put exp. 12/19/2025,1/1/1970,1/1/1970,1/1/1970,debit,1/1/1970
12/22/2025,10:45:00 PM GMT+2,1/1/1970,sell to open,AAPL $255 put exp. 1/30/2026,1/1/1970,1/1/1970,1/1/1970,credit,1/1/1970
12/23/2025,10:45:00 PM GMT+2,1/1/1970,sell to open,AAPL $260 put exp. 1/30/2026,1/1/1970,1/1/1970,1/1/1970,credit,1/1/1970
12/24/2025,10:45:00 PM GMT+2,1/1/1970,sell to open,AAPL $260 put exp. 2/6/2026,1/1/1970,1/1/1970,1/1/1970,credit,1/1/1970
12/26/2025,10:45:00 PM GMT+2,1/1/1970,sell to open,AAPL $260 put exp. 2/6/2026,1/1/1970,1/1/1970,1/1/1970,credit,1/1/1970
12/26/2025,11:00:00 PM GMT+2,1/1/1970,expiration,AAPL $255 put exp. 12/26/2025,1/1/1970,1/1/1970,1/1/1970,debit,1/1/1970
12/26/2025,11:00:00 PM GMT+2,1/1/1970,expiration,AAPL $260 put exp. 12/26/2025,1/1/1970,1/1/1970,1/1/1970,debit,1/1/1970
12/26/2025,11:00:00 PM GMT+2,1/1/1970,expiration,AAPL $260 put exp. 12/26/2025,1/1/1970,1/1/1970,1/1/1970,debit,1/1/1970
12/26/2025,11:00:00 PM GMT+2,1/1/1970,expiration,AAPL $260 put exp. 12/26/2025,1/1/1970,1/1/1970,1/1/1970,debit,1/1/1970
12/26/2025,11:00:00 PM GMT+2,1/1/1970,expiration,AAPL $260 put exp. 12/26/2025,1/1/1970,1/1/1970,1/1/1970,debit,1/1/1970
12/29/2025,10:45:00 PM GMT+2,1/1/1970,sell to open,AAPL $260 put exp. 2/6/2026,1/1/1970,1/1/1970,1/1/1970,credit,1/1/1970
12/30/2025,10:45:00 PM GMT+2,1/1/1970,sell to open,AAPL $260 put exp. 2/20/2026,1/1/1970,1/1/1970,1/1/1970,credit,1/1/1970
12/31/2025,10:45:00 PM GMT+2,1/1/1970,sell to open,AAPL $260 put exp. 2/13/2026,1/1/1970,1/1/1970,1/1/1970,credit,1/1/1970
1/2/2026,10:45:00 PM GMT+2,1/1/1970,sell to open,AAPL $255 put exp. 2/13/2026,1/1/1970,1/1/1970,1/1/1970,credit,1/1/1970
1/2/2026,11:00:00 PM GMT+2,1/1/1970,expiration,AAPL $255 put exp. 1/2/2026,1/1/1970,1/1/1970,1/1/1970,debit,1/1/1970
1/2/2026,11:00:00 PM GMT+2,1/1/1970,expiration,AAPL $255 put exp. 1/2/2026,1/1/1970,1/1/1970,1/1/1970,debit,1/1/1970
1/2/2026,11:00:00 PM GMT+2,1/1/1970,expiration,AAPL $255 put exp. 1/2/2026,1/1/1970,1/1/1970,1/1/1970,debit,1/1/1970
1/2/2026,11:00:00 PM GMT+2,1/1/1970,expiration,AAPL $255 put exp. 1/2/2026,1/1/1970,1/1/1970,1/1/1970,debit,1/1/1970
1/2/2026,11:00:00 PM GMT+2,1/1/1970,expiration,AAPL $260 put exp. 1/2/2026,1/1/1970,1/1/1970,1/1/1970,debit,1/1/1970
1/2/2026,11:00:00 PM GMT+2,1/1/1970,expiration,AAPL $265 put exp. 1/2/2026,1/1/1970,1/1/1970,1/1/1970,debit,1/1/1970
1/5/2026,10:45:00 PM GMT+2,1/1/1970,sell to open,AAPL $255 put exp. 2/20/2026,1/1/1970,1/1/1970,1/1/1970,credit,1/1/1970
1/6/2026,10:45:00 PM GMT+2,1/1/1970,sell to open,AAPL $250 put exp. 2/20/2026,1/1/1970,1/1/1970,1/1/1970,credit,1/1/1970
1/7/2026,10:45:00 PM GMT+2,1/1/1970,sell to open,AAPL $250 put exp. 2/20/2026,1/1/1970,1/1/1970,1/1/1970,credit,1/1/1970
1/8/2026,10:45:00 PM GMT+2,1/1/1970,sell to open,AAPL $245 put exp. 2/20/2026,1/1/1970,1/1/1970,1/1/1970,credit,1/1/1970
1/9/2026,10:45:00 PM GMT+2,1/1/1970,sell to open,AAPL $245 put exp. 2/20/2026,1/1/1970,1/1/1970,1/1/1970,credit,1/1/1970
1/9/2026,11:00:00 PM GMT+2,1/1/1970,exercise,AAPL $265 put exp. 1/9/2026,1/1/1970,1/1/1970,1/1/1970,debit,1/1/1970
1/9/2026,11:00:00 PM GMT+2,1/1/1970,assignment,AAPL shares,1/1/1970,1/1/1970,1/1/1970,debit,1/1/1970
1/9/2026,11:00:00 PM GMT+2,1/1/1970,sell to close,AAPL shares,1/1/1970,1/1/1970,1/1/1970,credit,1/1/1970
1/9/2026,11:00:00 PM GMT+2,1/1/1970,exercise,AAPL $265 put exp. 1/9/2026,1/1/1970,1/1/1970,1/1/1970,debit,1/1/1970
1/9/2026,11:00:00 PM GMT+2,1/1/1970,assignment,AAPL shares,1/1/1970,1/1/1970,1/1/1970,debit,1/1/1970
1/9/2026,11:00:00 PM GMT+2,1/1/1970,sell to close,AAPL shares,1/1/1970,1/1/1970,1/1/1970,credit,1/1/1970
1/12/2026,10:45:00 PM GMT+2,1/1/1970,sell to open,AAPL $250 put exp. 2/27/2026,1/1/1970,1/1/1970,1/1/1970,credit,1/1/1970
1/13/2026,10:45:00 PM GMT+2,1/1/1970,sell to open,AAPL $245 put exp. 2/27/2026,1/1/1970,1/1/1970,1/1/1970,credit,1/1/1970
1/16/2026,11:00:00 PM GMT+2,1/1/1970,exercise,AAPL $265 put exp. 1/16/2026,1/1/1970,1/1/1970,1/1/1970,debit,1/1/1970
1/16/2026,11:00:00 PM GMT+2,1/1/1970,assignment,AAPL shares,1/1/1970,1/1/1970,1/1/1970,debit,1/1/1970
1/16/2026,11:00:00 PM GMT+2,1/1/1970,sell to close,AAPL shares,1/1/1970,1/1/1970,1/1/1970,credit,1/1/1970
1/16/2026,11:00:00 PM GMT+2,1/1/1970,exercise,AAPL $270 put exp. 1/16/2026,1/1/1970,1/1/1970,1/1/1970,debit,1/1/1970
1/16/2026,11:00:00 PM GMT+2,1/1/1970,assignment,AAPL shares,1/1/1970,1/1/1970,1/1/1970,debit,1/1/1970
1/16/2026,11:00:00 PM GMT+2,1/1/1970,sell to close,AAPL shares,1/1/1970,1/1/1970,1/1/1970,credit,1/1/1970
1/16/2026,11:00:00 PM GMT+2,1/1/1970,exercise,AAPL $270 put exp. 1/16/2026,1/1/1970,1/1/1970,1/1/1970,debit,1/1/1970
1/16/2026,11:00:00 PM GMT+2,1/1/1970,assignment,AAPL shares,1/1/1970,1/1/1970,1/1/1970,debit,1/1/1970
1/16/2026,11:00:00 PM GMT+2,1/1/1970,sell to close,AAPL shares,1/1/1970,1/1/1970,1/1/1970,credit,1/1/1970
1/16/2026,11:00:00 PM GMT+2,1/1/1970,exercise,AAPL $270 put exp. 1/16/2026,1/1/1970,1/1/1970,1/1/1970,debit,1/1/1970
1/16/2026,11:00:00 PM GMT+2,1/1/1970,assignment,AAPL shares,1/1/1970,1/1/1970,1/1/1970,debit,1/1/1970
1/16/2026,11:00:00 PM GMT+2,1/1/1970,sell to close,AAPL shares,1/1/1970,1/1/1970,1/1/1970,credit,1/1/1970
1/16/2026,11:00:00 PM GMT+2,1/1/1970,exercise,AAPL $265 put exp. 1/16/2026,1/1/1970,1/1/1970,1/1/1970,debit,1/1/1970
1/16/2026,11:00:00 PM GMT+2,1/1/1970,assignment,AAPL shares,1/1/1970,1/1/1970,1/1/1970,debit,1/1/1970
1/16/2026,11:00:00 PM GMT+2,1/1/1970,sell to close,AAPL shares,1/1/1970,1/1/1970,1/1/1970,credit,1/1/1970
1/16/2026,11:00:00 PM GMT+2,1/1/1970,exercise,AAPL $265 put exp. 1/16/2026,1/1/1970,1/1/1970,1/1/1970,debit,1/1/1970
1/16/2026,11:00:00 PM GMT+2,1/1/1970,assignment,AAPL shares,1/1/1970,1/1/1970,1/1/1970,debit,1/1/1970
1/16/2026,11:00:00 PM GMT+2,1/1/1970,sell to close,AAPL shares,1/1/1970,1/1/1970,1/1/1970,credit,1/1/1970
1/23/2026,11:00:00 PM GMT+2,1/1/1970,exercise,AAPL $265 put exp. 1/23/2026,1/1/1970,1/1/1970,1/1/1970,debit,1/1/1970
1/23/2026,11:00:00 PM GMT+2,1/1/1970,assignment,AAPL shares,1/1/1970,1/1/1970,1/1/1970,debit,1/1/1970
1/23/2026,11:00:00 PM GMT+2,1/1/1970,sell to close,AAPL shares,1/1/1970,1/1/1970,1/1/1970,credit,1/1/1970
1/23/2026,11:00:00 PM GMT+2,1/1/1970,exercise,AAPL $265 put exp. 1/23/2026,1/1/1970,1/1/1970,1/1/1970,debit,1/1/1970
1/23/2026,11:00:00 PM GMT+2,1/1/1970,assignment,AAPL shares,1/1/1970,1/1/1970,1/1/1970,debit,1/1/1970
1/23/2026,11:00:00 PM GMT+2,1/1/1970,sell to close,AAPL shares,1/1/1970,1/1/1970,1/1/1970,credit,1/1/1970
1/23/2026,11:00:00 PM GMT+2,1/1/1970,exercise,AAPL $265 put exp. 1/23/2026,1/1/1970,1/1/1970,1/1/1970,debit,1/1/1970
1/23/2026,11:00:00 PM GMT+2,1/1/1970,assignment,AAPL shares,1/1/1970,1/1/1970,1/1/1970,debit,1/1/1970
1/23/2026,11:00:00 PM GMT+2,1/1/1970,sell to close,AAPL shares,1/1/1970,1/1/1970,1/1/1970,credit,1/1/1970
1/23/2026,11:00:00 PM GMT+2,1/1/1970,exercise,AAPL $265 put exp. 1/23/2026,1/1/1970,1/1/1970,1/1/1970,debit,1/1/1970
1/23/2026,11:00:00 PM GMT+2,1/1/1970,assignment,AAPL shares,1/1/1970,1/1/1970,1/1/1970,debit,1/1/1970
1/23/2026,11:00:00 PM GMT+2,1/1/1970,sell to close,AAPL shares,1/1/1970,1/1/1970,1/1/1970,credit,1/1/1970
1/23/2026,11:00:00 PM GMT+2,1/1/1970,exercise,AAPL $265 put exp. 1/23/2026,1/1/1970,1/1/1970,1/1/1970,debit,1/1/1970
1/23/2026,11:00:00 PM GMT+2,1/1/1970,assignment,AAPL shares,1/1/1970,1/1/1970,1/1/1970,debit,1/1/1970
1/23/2026,11:00:00 PM GMT+2,1/1/1970,sell to close,AAPL shares,1/1/1970,1/1/1970,1/1/1970,credit,1/1/1970
1/30/2026,11:00:00 PM GMT+2,1/1/1970,exercise,AAPL $260 put exp. 1/30/2026,1/1/1970,1/1/1970,1/1/1970,debit,1/1/1970
1/30/2026,11:00:00 PM GMT+2,1/1/1970,assignment,AAPL shares,1/1/1970,1/1/1970,1/1/1970,debit,1/1/1970
1/30/2026,11:00:00 PM GMT+2,1/1/1970,sell to close,AAPL shares,1/1/1970,1/1/1970,1/1/1970,credit,1/1/1970
1/30/2026,11:00:00 PM GMT+2,1/1/1970,exercise,AAPL $260 put exp. 1/30/2026,1/1/1970,1/1/1970,1/1/1970,debit,1/1/1970
1/30/2026,11:00:00 PM GMT+2,1/1/1970,assignment,AAPL shares,1/1/1970,1/1/1970,1/1/1970,debit,1/1/1970
1/30/2026,11:00:00 PM GMT+2,1/1/1970,sell to close,AAPL shares,1/1/1970,1/1/1970,1/1/1970,credit,1/1/1970
1/30/2026,11:00:00 PM GMT+2,1/1/1970,exercise,AAPL $260 put exp. 1/30/2026,1/1/1970,1/1/1970,1/1/1970,debit,1/1/1970
1/30/2026,11:00:00 PM GMT+2,1/1/1970,assignment,AAPL shares,1/1/1970,1/1/1970,1/1/1970,debit,1/1/1970
1/30/2026,11:00:00 PM GMT+2,1/1/1970,sell to close,AAPL shares,1/1/1970,1/1/1970,1/1/1970,credit,1/1/1970
1/30/2026,11:00:00 PM GMT+2,1/1/1970,exercise,AAPL $260 put exp. 1/30/2026,1/1/1970,1/1/1970,1/1/1970,debit,1/1/1970
1/30/2026,11:00:00 PM GMT+2,1/1/1970,assignment,AAPL shares,1/1/1970,1/1/1970,1/1/1970,debit,1/1/1970
1/30/2026,11:00:00 PM GMT+2,1/1/1970,sell to close,AAPL shares,1/1/1970,1/1/1970,1/1/1970,credit,1/1/1970
1/30/2026,11:00:00 PM GMT+2,1/1/1970,expiration,AAPL $255 put exp. 1/30/2026,1/1/1970,1/1/1970,1/1/1970,debit,1/1/1970
1/30/2026,11:00:00 PM GMT+2,1/1/1970,expiration,AAPL $255 put exp. 1/30/2026,1/1/1970,1/1/1970,1/1/1970,debit,1/1/1970
1/30/2026,11:00:00 PM GMT+2,1/1/1970,exercise,AAPL $260 put exp. 1/30/2026,1/1/1970,1/1/1970,1/1/1970,debit,1/1/1970
1/30/2026,11:00:00 PM GMT+2,1/1/1970,assignment,AAPL shares,1/1/1970,1/1/1970,1/1/1970,debit,1/1/1970
1/30/2026,11:00:00 PM GMT+2,1/1/1970,sell to close,AAPL shares,1/1/1970,1/1/1970,1/1/1970,credit,1/1/1970
2/6/2026,11:00:00 PM GMT+2,1/1/1970,expiration,AAPL $260 put exp. 2/6/2026,1/1/1970,1/1/1970,1/1/1970,debit,1/1/1970
2/6/2026,11:00:00 PM GMT+2,1/1/1970,expiration,AAPL $260 put exp. 2/6/2026,1/1/1970,1/1/1970,1/1/1970,debit,1/1/1970
2/6/2026,11:00:00 PM GMT+2,1/1/1970,expiration,AAPL $260 put exp. 2/6/2026,1/1/1970,1/1/1970,1/1/1970,debit,1/1/1970
2/13/2026,11:00:00 PM GMT+2,1/1/1970,exercise,AAPL $260 put exp. 2/13/2026,1/1/1970,1/1/1970,1/1/1970,debit,1/1/1970
2/13/2026,11:00:00 PM GMT+2,1/1/1970,assignment,AAPL shares,1/1/1970,1/1/1970,1/1/1970,debit,1/1/1970
2/13/2026,11:00:00 PM GMT+2,1/1/1970,sell to close,AAPL shares,1/1/1970,1/1/1970,1/1/1970,credit,1/1/1970
2/13/2026,11:00:00 PM GMT+2,1/1/1970,expiration,AAPL $255 put exp. 2/13/2026,1/1/1970,1/1/1970,1/1/1970,debit,1/1/1970
2/20/2026,11:00:00 PM GMT+2,1/1/1970,expiration,AAPL $260 put exp. 2/20/2026,1/1/1970,1/1/1970,1/1/1970,debit,1/1/1970
2/20/2026,11:00:00 PM GMT+2,1/1/1970,expiration,AAPL $255 put exp. 2/20/2026,1/1/1970,1/1/1970,1/1/1970,debit,1/1/1970
2/20/2026,11:00:00 PM GMT+2,1/1/1970,expiration,AAPL $250 put exp. 2/20/2026,1/1/1970,1/1/1970,1/1/1970,debit,1/1/1970
2/20/2026,11:00:00 PM GMT+2,1/1/1970,expiration,AAPL $250 put exp. 2/20/2026,1/1/1970,1/1/1970,1/1/1970,debit,1/1/1970
2/20/2026,11:00:00 PM GMT+2,1/1/1970,expiration,AAPL $245 put exp. 2/20/2026,1/1/1970,1/1/1970,1/1/1970,debit,1/1/1970
2/20/2026,11:00:00 PM GMT+2,1/1/1970,expiration,AAPL $245 put exp. 2/20/2026,1/1/1970,1/1/1970,1/1/1970,debit,1/1/1970
2/27/2026,11:00:00 PM GMT+2,1/1/1970,expiration,AAPL $250 put exp. 2/27/2026,1/1/1970,1/1/1970,1/1/1970,debit,1/1/1970
2/27/2026,11:00:00 PM GMT+2,1/1/1970,expiration,AAPL $245 put exp. 2/27/2026,1/1/1970,1/1/1970,1/1/1970,debit,1/1/1970
